<?xml version="1.0"?>
<doc>
    <assembly>
        <name>Chaos.NaCl</name>
    </assembly>
    <members>
        <member name="T:Chaos.NaCl.Ed25519">
            <summary>
            A class to generate ed25519 keys (public and private) as well
            as generate ed25519 signatures and verify said signatures
            </summary>
        </member>
        <member name="F:Chaos.NaCl.Ed25519.PublicKeySizeInBytes">
            <summary>
            Public key size in bytes
            </summary>
        </member>
        <member name="F:Chaos.NaCl.Ed25519.SignatureSizeInBytes">
            <summary>
            Ed25519 signature size in bytes
            </summary>
        </member>
        <member name="F:Chaos.NaCl.Ed25519.ExpandedPrivateKeySizeInBytes">
            <summary>
            Expanded private key size (size used in signature creation operations) in bytes
            </summary>
        </member>
        <member name="F:Chaos.NaCl.Ed25519.PrivateKeySeedSizeInBytes">
            <summary>
            Actual size of private key in bytes
            </summary>
        </member>
        <member name="F:Chaos.NaCl.Ed25519.SharedKeySizeInBytes">
            <summary>
            Size of key in key exchange operations
            </summary>
        </member>
        <member name="M:Chaos.NaCl.Ed25519.GeneratePrivateKeySeed">
            <summary>
            Generate a private key seed in a cryptographically secure way.
            This key should be stored as your user's private key.
            </summary>
            <returns>An array of 32 bytes for the user's private key.</returns>
        </member>
        <member name="M:Chaos.NaCl.Ed25519.Verify(System.ArraySegment{System.Byte},System.ArraySegment{System.Byte},System.ArraySegment{System.Byte})">
            <summary>
            Verify an ed25519 signature given a message to verify and a public key
            </summary>
            <param name="signature">Signature to verify</param>
            <param name="message">Original message</param>
            <param name="publicKey">Public key for signature verification</param>
            <returns>True if signature is valid, false otherwise</returns>
            <exception cref="T:System.ArgumentException">Throws if signature or public key sizes are invalid</exception>
        </member>
        <member name="M:Chaos.NaCl.Ed25519.Verify(System.Byte[],System.Byte[],System.Byte[])">
            <summary>
            Verify an ed25519 signature given a message to verify and a public key
            </summary>
            <param name="signature">Signature to verify</param>
            <param name="message">Original message</param>
            <param name="publicKey">Public key for signature verification</param>
            <returns>True if signature is valid, false otherwise</returns>
            <exception cref="T:System.ArgumentException">Throws if signature or public key sizes are invalid</exception>
        </member>
        <member name="M:Chaos.NaCl.Ed25519.Verify(System.Byte[],System.Byte[],System.Int32,System.Byte[])">
            <summary>
            Verify an ed25519 signature given a message to verify and a public key
            </summary>
            <param name="signature">Signature to verify</param>
            <param name="message">Original message</param>
            <param name="messageLength">Length of message in bytes 
            (in case the message byte array contains more data that the message; 
            start index of message is assumed to be 0)</param>
            <param name="publicKey">Public key for signature verification</param>
            <returns>True if signature is valid, false otherwise</returns>
            <exception cref="T:System.ArgumentNullException">Throws if signature, message, or public key arguments are null</exception>
            <exception cref="T:System.ArgumentException">Throws if signature or public key sizes are invalid</exception>
        </member>
        <member name="M:Chaos.NaCl.Ed25519.Sign(System.ArraySegment{System.Byte},System.ArraySegment{System.Byte},System.ArraySegment{System.Byte})">
            <summary>
            Create an ed25519 signature for the given message based on the given expanded private key
            </summary>
            <param name="signature">Output byte ArraySegment for the signature</param>
            <param name="message">Message to generate a signature for</param>
            <param name="expandedPrivateKey">Expanded private key (expanded from original private key via <seealso cref="M:Chaos.NaCl.Ed25519.ExpandedPrivateKeyFromSeed(System.Byte[])"/>)</param>
            <exception cref="T:System.ArgumentNullException">Throws if signature.Array, expandedPrivateKey.Array, or message.Array are null</exception>
            <exception cref="T:System.ArgumentException">Throws if signature array size is incorrect or if the expanded private key is the wrong length</exception>
        </member>
        <member name="M:Chaos.NaCl.Ed25519.Sign(System.Byte[],System.Byte[])">
            <summary>
            Create an ed25519 signature for the given message based on the given expanded private key
            </summary>
            <param name="message">Message to generate a signature for</param>
            <param name="expandedPrivateKey">Expanded private key (expanded from original private key via <seealso cref="M:Chaos.NaCl.Ed25519.ExpandedPrivateKeyFromSeed(System.Byte[])"/>)</param>
            <exception cref="T:System.ArgumentNullException">Throws if signature.Array, expandedPrivateKey.Array, or message.Array are null</exception>
            <exception cref="T:System.ArgumentException">Throws if signature array size is incorrect or if the expanded private key is the wrong length</exception>
            <returns>Signature for the given message</returns>
        </member>
        <member name="M:Chaos.NaCl.Ed25519.Sign(System.Byte[],System.Int32,System.Byte[])">
            <summary>
            Create an ed25519 signature for the given message based on the given expanded private key
            </summary>
            <param name="message">Message to generate a signature for</param>
            <param name="expandedPrivateKey">Expanded private key (expanded from original private key via <seealso cref="M:Chaos.NaCl.Ed25519.ExpandedPrivateKeyFromSeed(System.Byte[])"/>)</param>
            <param name="messageLength">Length of message in message byte array (start index is assumed to be 0)</param>
            <exception cref="T:System.ArgumentNullException">Throws if signature.Array, expandedPrivateKey.Array, or message.Array are null</exception>
            <exception cref="T:System.ArgumentException">Throws if signature array size is incorrect or if the expanded private key is the wrong length</exception>
            <returns>Signature for the given message</returns>
        </member>
        <member name="M:Chaos.NaCl.Ed25519.PublicKeyFromSeed(System.Byte[])">
            <summary>
            Generate the public key for the given private key seed that was generated via
            <seealso cref="M:Chaos.NaCl.Ed25519.GeneratePrivateKeySeed"/>
            </summary>
            <param name="privateKeySeed"></param>
            <returns></returns>
        </member>
        <member name="M:Chaos.NaCl.Ed25519.ExpandedPrivateKeyFromSeed(System.Byte[])">
            <summary>
            Expands a private key from the initial private key seed for use in 
            signature generation function such as <seealso cref="M:Chaos.NaCl.Ed25519.Sign(System.Byte[],System.Byte[])"/>.
            </summary>
            <param name="privateKeySeed">The private key initially generated by <seealso cref="M:Chaos.NaCl.Ed25519.GeneratePrivateKeySeed"/></param>
            <returns>A byte array that represents the expanded private key for the given seed</returns>
        </member>
        <member name="M:Chaos.NaCl.Ed25519.KeyPairFromSeed(System.Byte[]@,System.Byte[]@,System.Byte[])">
            <summary>
            Generate both public and expanded private keys for the given private key seed
            </summary>
            <param name="publicKey">Output byte array for public key</param>
            <param name="expandedPrivateKey">Output byte array for expanded private key</param>
            <param name="privateKeySeed">Private key seed generated via <seealso cref="M:Chaos.NaCl.Ed25519.GeneratePrivateKeySeed"/></param>
            <exception cref="T:System.ArgumentNullException">Throws if privateKeySeed is null</exception>
            <exception cref="T:System.ArgumentException">Throws if private key length is the wrong length</exception>
        </member>
        <member name="M:Chaos.NaCl.Ed25519.KeyPairFromSeed(System.ArraySegment{System.Byte},System.ArraySegment{System.Byte},System.ArraySegment{System.Byte})">
            <summary>
            Generate both public and expanded private keys for the given private key seed
            </summary>
            <param name="publicKey">Output byte array for public key</param>
            <param name="expandedPrivateKey">Output byte array for expanded private key</param>
            <param name="privateKeySeed">Private key seed generated via <seealso cref="M:Chaos.NaCl.Ed25519.GeneratePrivateKeySeed"/></param>
            <exception cref="T:System.ArgumentNullException">Throws if publicKey.Array, expandedPrivateKey.Array, or privateKeySeed.Array are null</exception>
            <exception cref="T:System.ArgumentException">Throws if public key array is the wrong size, if the expanded private key array is the wrong size, or if the private key is the wrong size</exception>
        </member>
        <member name="T:Chaos.NaCl.Ed25519Signer">
            <summary>
            Uses public key and EXPANDED private key (64 bytes) to
            create signatures and verify signatures for data.
            Data is added to a MemoryStream, then used in conjunction with
            a private and/or public key in order to create or verify ed25519 
            signatures.
            API modified from BouncyCastle on 2024-07-13 (MIT).
            </summary>
        </member>
        <member name="M:Chaos.NaCl.Ed25519Signer.#ctor">
            <summary>
            A simple wrapper class around Ed25519 to assist in creating/validating ed25519 signatures
            </summary>
        </member>
        <member name="M:Chaos.NaCl.Ed25519Signer.Init(System.Byte[],System.Byte[])">
            <summary>
            Initialize the Ed25519Signer with a public key and EXPANDED private key
            </summary>
            <param name="publicKey">32 byte public key</param>
            <param name="expandedPrivateKey">64 byte expanded private key</param>
            <exception cref="T:System.Exception">Throws exception if either key is the wrong length</exception>
        </member>
        <member name="M:Chaos.NaCl.Ed25519Signer.InitWithNonExpandedPrivateKey(System.Byte[],System.Byte[])">
            <summary>
            Initialize the Ed25519Signer with a private key seed rather than the expanded private key
            </summary>
            <param name="publicKey">32 byte public key</param>
            <param name="privateKey">32 byte private key (seed)</param>
            <exception cref="T:System.Exception">Throws exception if either key is the wrong length</exception>
        </member>
        <member name="M:Chaos.NaCl.Ed25519Signer.Dispose">
            <summary>
            Dispose of any memory as needed; Calls Reset()
            </summary>
        </member>
        <member name="M:Chaos.NaCl.Ed25519Signer.AddByteToBuffer(System.Byte)">
            <summary>
            Add the given byte to the memory buffer
            </summary>
            <param name="b">The byte to append to the memory buffer</param>
        </member>
        <member name="M:Chaos.NaCl.Ed25519Signer.AddToBuffer(System.Byte[],System.Int32,System.Int32)">
            <summary>
            Add the given data in the given byte array to the memory buffer
            </summary>
            <param name="buf">Byte array with data in it</param>
            <param name="off">Offset to start of data</param>
            <param name="len">Length of data to add</param>
        </member>
        <member name="M:Chaos.NaCl.Ed25519Signer.GenerateSignature">
            <summary>
            Generate a signature based on data in the buffer and the initialized private key
            </summary>
            <returns>An ed25519 signature for the current data</returns>
            <exception cref="T:System.Exception">Throws if the private key is not an expanded private key</exception>
        </member>
        <member name="M:Chaos.NaCl.Ed25519Signer.VerifySignature(System.Byte[])">
            <summary>
            Verify the given signature against the data in the memory buffer and the public key
            </summary>
            <param name="signature">Signature to verify</param>
            <returns>True if the signature is valid; false otherwise</returns>
            <exception cref="T:System.Exception">Throws if the public key is not the appropriate length in bytes</exception>
        </member>
        <member name="M:Chaos.NaCl.Ed25519Signer.Reset">
            <summary>
            Reset the in-memory data buffer by clearing it
            </summary>
        </member>
        <member name="M:Chaos.NaCl.XSalsa20Poly1305.TryDecrypt(System.Byte[],System.Byte[],System.Byte[])">
            <summary>
            Decrypts the ciphertext and verifies its authenticity
            </summary>
            <returns>Plaintext if MAC validation succeeds, null if the data is invalid.</returns>
        </member>
        <member name="M:Chaos.NaCl.XSalsa20Poly1305.TryDecrypt(System.ArraySegment{System.Byte},System.ArraySegment{System.Byte},System.ArraySegment{System.Byte},System.ArraySegment{System.Byte})">
            <summary>
            Decrypts the ciphertext and verifies its authenticity
            </summary>
            <param name="message">Plaintext if authentication succeeded, all zero if authentication failed, unmodified if argument verification fails</param>
            <param name="ciphertext"></param>
            <param name="key">Symmetric key. Must be identical to key specified for encryption.</param>
            <param name="nonce">Must be identical to nonce specified for encryption.</param>
            <returns>true if ciphertext is authentic, false otherwise</returns>
        </member>
    </members>
</doc>
