<?xml version="1.0"?>
<doc>
    <assembly>
        <name>NetSparkle.UI.WPF</name>
    </assembly>
    <members>
        <member name="T:NetSparkleUpdater.UI.WPF.CheckingForUpdatesWindow">
            <summary>
            Interaction logic for CheckingForUpdatesWindow.xaml.
            
            Window that shows while NetSparkle is checking for updates.
            </summary>
            <summary>
            CheckingForUpdatesWindow
            </summary>
        </member>
        <member name="E:NetSparkleUpdater.UI.WPF.CheckingForUpdatesWindow.UpdatesUIClosing">
            <inheritdoc/>
        </member>
        <member name="M:NetSparkleUpdater.UI.WPF.CheckingForUpdatesWindow.#ctor">
            <summary>
            Create the window that tells the user that SparkleUpdater is checking
            for updates
            </summary>
        </member>
        <member name="M:NetSparkleUpdater.UI.WPF.CheckingForUpdatesWindow.InitializeComponent">
            <summary>
            InitializeComponent
            </summary>
        </member>
        <member name="T:NetSparkleUpdater.UI.WPF.Controls.BaseWindow">
            <summary>
            Base <see cref="T:System.Windows.Window"/> class for most WPF update windows.
            Provides utilities and common code for windows that are shown.
            </summary>
        </member>
        <member name="F:NetSparkleUpdater.UI.WPF.Controls.BaseWindow._isOnMainThread">
            <summary>
            Whether or not this Window is on the main thread or not
            </summary>
        </member>
        <member name="F:NetSparkleUpdater.UI.WPF.Controls.BaseWindow._hasInitiatedShutdown">
            <summary>
            Whether or not the close window code has been called yet
            (so that it is not called more than one time).
            </summary>
        </member>
        <member name="M:NetSparkleUpdater.UI.WPF.Controls.BaseWindow.#ctor">
            <summary>
            Public, default construtor for BaseWindow objects
            </summary>
        </member>
        <member name="M:NetSparkleUpdater.UI.WPF.Controls.BaseWindow.#ctor(System.Boolean)">
            <summary>
            Create a BaseWindow and set up the closing event handler
            if requested
            </summary>
            <param name="useClosingEvent">true to use the <see cref="E:System.Windows.Window.Closing"/>
            event handler; false otherwise</param>
        </member>
        <member name="M:NetSparkleUpdater.UI.WPF.Controls.BaseWindow.ShowWindow(System.Boolean)">
            <summary>
            Show this window to the user.
            </summary>
            <param name="isOnMainThread">true if the window is being shown while
            on the main thread; false otherwise</param>
        </member>
        <member name="M:NetSparkleUpdater.UI.WPF.Controls.BaseWindow.CloseWindow">
            <summary>
            Close the window and shut down the UI dispatcher if necessary
            </summary>
        </member>
        <member name="M:NetSparkleUpdater.UI.WPF.Controls.BaseWindow.BringToFront">
            <summary>
            Bring this window to the front of all other windows by temporarily
            setting Topmost to true.
            </summary>
        </member>
        <member name="T:NetSparkleUpdater.UI.WPF.DownloadProgressWindow">
            <summary>
            Interaction logic for DownloadProgressWindow.xaml.
            
            Window that shows while SparkleUpdater is downloading the update
            for the user.
            </summary>
            <summary>
            DownloadProgressWindow
            </summary>
        </member>
        <member name="M:NetSparkleUpdater.UI.WPF.DownloadProgressWindow.#ctor">
            <summary>
            Base constructor for DownloadProgressWindow. Initializes the window
            and sets up the Closing event.
            </summary>
        </member>
        <member name="M:NetSparkleUpdater.UI.WPF.DownloadProgressWindow.#ctor(NetSparkleUpdater.UI.WPF.ViewModels.DownloadProgressWindowViewModel)">
            <summary>
            Constructor for DownloadProgressWindow that takes an initialized
            <see cref="T:NetSparkleUpdater.UI.WPF.ViewModels.DownloadProgressWindowViewModel"/> view model for use
            </summary>
            <param name="viewModel"><see cref="T:NetSparkleUpdater.UI.WPF.ViewModels.DownloadProgressWindowViewModel"/> view model that
            this window will bind to as its DataContext</param>
        </member>
        <member name="E:NetSparkleUpdater.UI.WPF.DownloadProgressWindow.DownloadProcessCompleted">
            <summary>
            Event to fire when the download UI is complete; tells you 
            if the install process should happen or not
            </summary>
        </member>
        <member name="M:NetSparkleUpdater.UI.WPF.DownloadProgressWindow.OnDownloadProgressChanged(System.Object,System.Int64,System.Int64,System.Int32)">
            <summary>
            Event called when the client download progress changes
            </summary>
        </member>
        <member name="M:NetSparkleUpdater.UI.WPF.DownloadProgressWindow.InitializeComponent">
            <summary>
            InitializeComponent
            </summary>
        </member>
        <member name="T:NetSparkleUpdater.UI.WPF.Helpers.ChangeNotifier">
            <summary>
            <see cref="T:System.ComponentModel.INotifyPropertyChanged"/> implementation used for the WPF UI and its view models.
            <para>
            https://docs.microsoft.com/en-us/dotnet/api/system.componentmodel.inotifypropertychanged?view=netframework-4.7.2
            </para>
            </summary>
        </member>
        <member name="E:NetSparkleUpdater.UI.WPF.Helpers.ChangeNotifier.PropertyChanged">
            <summary>
            Event to listen to property changes on some object
            </summary>
        </member>
        <member name="M:NetSparkleUpdater.UI.WPF.Helpers.ChangeNotifier.NotifyPropertyChanged(System.String)">
            <summary>
            Notify the listener that a property of the given name has changed
            </summary>
            <param name="propertyName">string name of the property that was changed</param>
        </member>
        <member name="T:NetSparkleUpdater.UI.WPF.Helpers.RelayCommand`1">
            <summary>
            Command (<see cref="T:System.Action"/>) that can be executed based on an optional
            function that says whether or not the command can be run. This command
            can send a parameter to the <see cref="T:System.Action"/> to execute and the 
            <see cref="T:System.Predicate`1"/> that checks whether or not the <see cref="T:System.Action"/>
            should execute in the first place.
            <para>
            https://gist.github.com/schuster-rainer/2648922 with some modifications
            </para>
            </summary>
        </member>
        <member name="M:NetSparkleUpdater.UI.WPF.Helpers.RelayCommand`1.#ctor(System.Action{`0})">
            <summary>
            Create a <see cref="T:NetSparkleUpdater.UI.WPF.Helpers.RelayCommand"/> with a given <see cref="T:System.Action"/>
            and no optional function for whether or not the <see cref="T:NetSparkleUpdater.UI.WPF.Helpers.RelayCommand"/>
            can execute
            </summary>
            <param name="execute"><see cref="T:System.Action"/> to call when this <see cref="T:NetSparkleUpdater.UI.WPF.Helpers.RelayCommand"/>
            is executed</param>
        </member>
        <member name="M:NetSparkleUpdater.UI.WPF.Helpers.RelayCommand`1.#ctor(System.Action{`0},System.Predicate{`0})">
            <summary>
            Create a <see cref="T:NetSparkleUpdater.UI.WPF.Helpers.RelayCommand"/> with a given <see cref="T:System.Action"/>
            and optional function for whether or not the <see cref="T:NetSparkleUpdater.UI.WPF.Helpers.RelayCommand"/>
            can execute
            </summary>
            <param name="execute"><see cref="T:System.Action"/> to call when this <see cref="T:NetSparkleUpdater.UI.WPF.Helpers.RelayCommand"/>
            is executed</param>
            <param name="canExecute"><see cref="T:System.Predicate`1"/> function that determines whether or not the given <see cref="T:System.Action"/>
            should be executed or not</param>
        </member>
        <member name="M:NetSparkleUpdater.UI.WPF.Helpers.RelayCommand`1.CanExecute(System.Object)">
            <summary>
            Determine whether or not this command shoudl execute
            </summary>
            <param name="parameter">Nullable object that will be sent to this
            command's function <see cref="T:System.Predicate`1"/></param>
            <returns>True if the command should run, false if the command should not be run</returns>
        </member>
        <member name="E:NetSparkleUpdater.UI.WPF.Helpers.RelayCommand`1.CanExecuteChanged">
            <summary>
            Event that is called when the command may have had its ability to be executed changed
            </summary>
        </member>
        <member name="M:NetSparkleUpdater.UI.WPF.Helpers.RelayCommand`1.Execute(System.Object)">
            <summary>
            Execute this command
            </summary>
            <param name="parameter">the nullable object parameter to send to the execution <see cref="T:System.Action"/></param>
        </member>
        <member name="T:NetSparkleUpdater.UI.WPF.Helpers.RelayCommand">
            <summary>
            Command (<see cref="T:System.Action"/>) that can be executed based on an optional
            function that says whether or not the command can be run
            </summary>
        </member>
        <member name="M:NetSparkleUpdater.UI.WPF.Helpers.RelayCommand.#ctor(System.Action)">
            <summary>
            Create a <see cref="T:NetSparkleUpdater.UI.WPF.Helpers.RelayCommand"/> with a given <see cref="T:System.Action"/>
            and no optional function for whether or not the <see cref="T:NetSparkleUpdater.UI.WPF.Helpers.RelayCommand"/>
            can execute
            </summary>
            <param name="execute"><see cref="T:System.Action"/> to call when this <see cref="T:NetSparkleUpdater.UI.WPF.Helpers.RelayCommand"/>
            is executed</param>
        </member>
        <member name="M:NetSparkleUpdater.UI.WPF.Helpers.RelayCommand.#ctor(System.Action,System.Func{System.Boolean})">
            <summary>
            Create a <see cref="T:NetSparkleUpdater.UI.WPF.Helpers.RelayCommand"/> with a given <see cref="T:System.Action"/>
            and optional function for whether or not the <see cref="T:NetSparkleUpdater.UI.WPF.Helpers.RelayCommand"/>
            can execute
            </summary>
            <param name="execute"><see cref="T:System.Action"/> to call when this <see cref="T:NetSparkleUpdater.UI.WPF.Helpers.RelayCommand"/>
            is executed</param>
            <param name="canExecute">Function that determines whether or not the given <see cref="T:System.Action"/>
            should be executed or not</param>
        </member>
        <member name="T:NetSparkleUpdater.UI.WPF.IconUtilities">
            <summary>
            Helper class for processing <see cref="T:System.Drawing.Icon"/> objects and 
            converting them to <see cref="T:System.Windows.Media.ImageSource"/> objects
            </summary>
        </member>
        <member name="M:NetSparkleUpdater.UI.WPF.IconUtilities.ToImageSource(System.Drawing.Icon)">
            <summary>
            Convert System.Drawing.Icon to System.Windows.Media.ImageSource.
             From: https://stackoverflow.com/a/6580799/3938401
            </summary>
            <param name="icon">The <see cref="T:System.Drawing.Icon"/> that should be converted to an <see cref="T:System.Windows.Media.ImageSource"/></param>
            <returns>An <see cref="T:System.Windows.Media.ImageSource"/> representation of the given icon if <paramref name="icon"/> is non-null</returns>
        </member>
        <member name="T:NetSparkleUpdater.UI.WPF.Interfaces.IReleaseNotesDisplayer">
            <summary>
            Interface for objects that have the ability to show release notes to the user.
            Used by the UpdateAvailableWindow and its view model to coordinate when the
            release notes should be shown.
            </summary>
        </member>
        <member name="M:NetSparkleUpdater.UI.WPF.Interfaces.IReleaseNotesDisplayer.ShowReleaseNotes(System.String)">
            <summary>
            Show the given release notes to the user
            </summary>
            <param name="htmlNotes">string of HTML release notes to show to the end-user</param>
        </member>
        <member name="T:NetSparkleUpdater.UI.WPF.Interfaces.IUserRespondedToUpdateCheck">
            <summary>
            Interface that allows one object to tell another that the user has
            responded to an update check with a given response. Used by the
            <see cref="T:NetSparkleUpdater.UI.WPF.UpdateAvailableWindow"/>'s view model.
            </summary>
        </member>
        <member name="M:NetSparkleUpdater.UI.WPF.Interfaces.IUserRespondedToUpdateCheck.UserRespondedToUpdateCheck(NetSparkleUpdater.Enums.UpdateAvailableResult)">
            <summary>
            The user responded to a given update check with some sort of response
            (e.g. skip update, install update)
            </summary>
            <param name="response">The user's response to the update notification</param>
        </member>
        <member name="T:NetSparkleUpdater.UI.WPF.MessageNotificationWindow">
            <summary>
            Interaction logic for MessageNotificationWindow.xaml.
            
            Window that shows a single message to the user (usually an error) regarding
            a software update.
            </summary>
            <summary>
            MessageNotificationWindow
            </summary>
        </member>
        <member name="M:NetSparkleUpdater.UI.WPF.MessageNotificationWindow.#ctor">
            <summary>
            Construct the notification window for the message notification with the default
            <seealso cref="T:NetSparkleUpdater.UI.WPF.ViewModels.MessageNotificationWindowViewModel"/>.
            </summary>
        </member>
        <member name="M:NetSparkleUpdater.UI.WPF.MessageNotificationWindow.#ctor(NetSparkleUpdater.UI.WPF.ViewModels.MessageNotificationWindowViewModel)">
            <summary>
            Construct the notification window for the message notification with the provided
            <seealso cref="T:NetSparkleUpdater.UI.WPF.ViewModels.MessageNotificationWindowViewModel"/>
            </summary>
            <param name="viewModel">view model that has info on the message to show to the user</param>
        </member>
        <member name="M:NetSparkleUpdater.UI.WPF.MessageNotificationWindow.InitializeComponent">
            <summary>
            InitializeComponent
            </summary>
        </member>
        <member name="T:NetSparkleUpdater.UI.WPF.ToastNotification">
            <summary>
            Interaction logic for ToastNotification.xaml.
            
            The ToastNotification window shows in the lower right hand corner
            of the screen as a toast notificaiton message to the user. This does
            not use the native Windows/other notification APIs.
            </summary>
            <summary>
            ToastNotification
            </summary>
        </member>
        <member name="M:NetSparkleUpdater.UI.WPF.ToastNotification.#ctor">
            <summary>
            Construct the toast notification window. It is not shown to the user
            until the <seealso cref="M:NetSparkleUpdater.UI.WPF.ToastNotification.Show(System.String,System.String,System.Int32)"/> method is called.
            </summary>
        </member>
        <member name="P:NetSparkleUpdater.UI.WPF.ToastNotification.ClickAction">
            <summary>
            The action to take when the user clicks on the toast notification window
            </summary>
        </member>
        <member name="M:NetSparkleUpdater.UI.WPF.ToastNotification.Show(System.String,System.String,System.Int32)">
            <summary>
            Show the toast
            </summary>
            <param name="message">Main message of the toast</param>
            <param name="callToAction">Text of the hyperlink</param>
            <param name="seconds">How long to show before it goes back down</param>
        </member>
        <member name="M:NetSparkleUpdater.UI.WPF.ToastNotification.InitializeComponent">
            <summary>
            InitializeComponent
            </summary>
        </member>
        <member name="T:NetSparkleUpdater.UI.WPF.UIFactory">
            <summary>
            UI factory for WPF UI interface
            </summary>
        </member>
        <member name="F:NetSparkleUpdater.UI.WPF.UIFactory._applicationIcon">
            <summary>
            Icon used on various windows shown by NetSparkleUpdater
            </summary>
        </member>
        <member name="M:NetSparkleUpdater.UI.WPF.UIFactory.#ctor">
            <summary>
            Create a new UIFactory for WPF applications
            </summary>
        </member>
        <member name="M:NetSparkleUpdater.UI.WPF.UIFactory.#ctor(System.Windows.Media.ImageSource)">
            <summary>
            Create a new UIFactory for WPF applications with the given
            application icon to show in all update windows
            </summary>
            <param name="applicationIcon">the <see cref="T:System.Windows.Media.ImageSource"/> to show in all windows</param>
        </member>
        <member name="P:NetSparkleUpdater.UI.WPF.UIFactory.HideReleaseNotes">
            <inheritdoc/>
        </member>
        <member name="P:NetSparkleUpdater.UI.WPF.UIFactory.HideSkipButton">
            <inheritdoc/>
        </member>
        <member name="P:NetSparkleUpdater.UI.WPF.UIFactory.HideRemindMeLaterButton">
            <inheritdoc/>
        </member>
        <member name="P:NetSparkleUpdater.UI.WPF.UIFactory.ReleaseNotesHTMLTemplate">
            <inheritdoc/>
        </member>
        <member name="P:NetSparkleUpdater.UI.WPF.UIFactory.AdditionalReleaseNotesHeaderHTML">
            <inheritdoc/>
        </member>
        <member name="P:NetSparkleUpdater.UI.WPF.UIFactory.ReleaseNotesDateTimeFormat">
            <summary>
            The DateTime.ToString() format used when formatting dates to show in the release notes
            header. NetSparkle is not responsible for what happens if you send a bad format! :)
            </summary>
        </member>
        <member name="P:NetSparkleUpdater.UI.WPF.UIFactory.ReleaseNotesGrabberOverride">
            <summary>
            <para>
            Easily set / override the ReleaseNotesGrabber used by the <see cref="T:NetSparkleUpdater.UI.WPF.ViewModels.UpdateAvailableWindowViewModel"/>.
            Note that this will NOT automatically use the <see cref="T:NetSparkleUpdater.UI.WPF.UIFactory"/> ReleaseNotesHTMLTemplate,
            AdditionalReleaseNotesHeaderHTML, and ReleaseNotesDateTimeFormat that you may have set on 
            the UIFactory - you must set these on this manual override yourself!
            </para>
            <para>
            Use this if you want to easily override the ReleaseNotesGrabber with your own subclass.
            </para>
            </summary>
        </member>
        <member name="P:NetSparkleUpdater.UI.WPF.UIFactory.UseStaticUpdateWindowBackgroundColor">
            <summary>
            Whether or not a hardcoded window background color is set on the updates window.
            Defaults to true.
            </summary>
        </member>
        <member name="P:NetSparkleUpdater.UI.WPF.UIFactory.UpdateWindowGridBackgroundBrush">
            <summary>
            Brush for the background of the main grid on the update (change log) window
            </summary>
        </member>
        <member name="T:NetSparkleUpdater.UI.WPF.UIFactory.WindowHandler">
            <summary>
            A delegate for handling windows that are created by a <see cref="T:NetSparkleUpdater.UI.WPF.UIFactory"/>
            </summary>
            <param name="window"><see cref="T:System.Windows.Window"/> that has been created and initialized (with view model, if applicable)</param>
            <param name="factory"><see cref="T:NetSparkleUpdater.UI.WPF.UIFactory"/> that created the given <see cref="T:System.Windows.Window"/></param>
        </member>
        <member name="P:NetSparkleUpdater.UI.WPF.UIFactory.ProcessWindowAfterInit">
            <summary>
            Set this property to manually do any other setup on a <see cref="T:System.Windows.Window"/> after it has been created by the <see cref="T:NetSparkleUpdater.UI.WPF.UIFactory"/>.
            Can be used to tweak view models, change styles on the <see cref="T:System.Windows.Window"/>, etc.
            </summary>
        </member>
        <member name="M:NetSparkleUpdater.UI.WPF.UIFactory.CreateUpdateAvailableWindow(System.Collections.Generic.List{NetSparkleUpdater.AppCastItem},NetSparkleUpdater.Interfaces.ISignatureVerifier,System.String,System.String,System.Boolean)">
            <inheritdoc/>
        </member>
        <member name="M:NetSparkleUpdater.UI.WPF.UIFactory.CreateProgressWindow(System.String,System.String)">
            <inheritdoc/>
        </member>
        <member name="M:NetSparkleUpdater.UI.WPF.UIFactory.ShowCheckingForUpdates">
            <inheritdoc/>
        </member>
        <member name="M:NetSparkleUpdater.UI.WPF.UIFactory.ShowUnknownInstallerFormatMessage(System.String)">
            <inheritdoc/>
        </member>
        <member name="M:NetSparkleUpdater.UI.WPF.UIFactory.ShowVersionIsUpToDate">
            <inheritdoc/>
        </member>
        <member name="M:NetSparkleUpdater.UI.WPF.UIFactory.ShowVersionIsSkippedByUserRequest">
            <inheritdoc/>
        </member>
        <member name="M:NetSparkleUpdater.UI.WPF.UIFactory.ShowCannotDownloadAppcast(System.String)">
            <inheritdoc/>
        </member>
        <member name="M:NetSparkleUpdater.UI.WPF.UIFactory.CanShowToastMessages">
            <inheritdoc/>
        </member>
        <member name="M:NetSparkleUpdater.UI.WPF.UIFactory.ShowToast(System.Action)">
            <inheritdoc/>
        </member>
        <member name="M:NetSparkleUpdater.UI.WPF.UIFactory.ShowDownloadErrorMessage(System.String,System.String)">
            <inheritdoc/>
        </member>
        <member name="M:NetSparkleUpdater.UI.WPF.UIFactory.Shutdown">
            <inheritdoc/>
        </member>
        <member name="T:NetSparkleUpdater.UI.WPF.UpdateAvailableWindow">
            <summary>
            Interaction logic for UpdateAvailableWindow.xaml.
            
            Window that shows the list of available updates to the user
            </summary>
            <summary>
            UpdateAvailableWindow
            </summary>
        </member>
        <member name="M:NetSparkleUpdater.UI.WPF.UpdateAvailableWindow.#ctor">
            <summary>
            Initialize the available update window with no initial date context
            (and thus no initial information on downloadable releases to show
            to the user)
            </summary>
        </member>
        <member name="M:NetSparkleUpdater.UI.WPF.UpdateAvailableWindow.#ctor(NetSparkleUpdater.UI.WPF.ViewModels.UpdateAvailableWindowViewModel)">
            <summary>
            Initialize the available update window with the given view model,
            which contains the information on the updates that are available to the
            end user
            </summary>
            <param name="viewModel">View model with info on the updates that are available
            to the user</param>
        </member>
        <member name="P:NetSparkleUpdater.UI.WPF.UpdateAvailableWindow.CurrentItem">
            <summary>
            The item that the user is being asked about updating to
            </summary>
        </member>
        <member name="E:NetSparkleUpdater.UI.WPF.UpdateAvailableWindow.UserResponded">
            <summary>
            An event that informs its listeners how the user responded to the
            software update request
            </summary>
        </member>
        <member name="M:NetSparkleUpdater.UI.WPF.UpdateAvailableWindow.UserRespondedToUpdateCheck(NetSparkleUpdater.Enums.UpdateAvailableResult)">
            <summary>
            The user responded to the update check with a given response
            </summary>
            <param name="response">How the user responded to the update (e.g. install the update, remind me later)</param>
        </member>
        <member name="M:NetSparkleUpdater.UI.WPF.UpdateAvailableWindow.ChangeMainGridBackgroundColor(System.Windows.Media.Brush)">
            <summary>
            Change the main grid's background color. Use new SolidColorBrush(Colors.Transparent) or null to clear.
            </summary>
            <param name="brush">Brush to use as the main grid's background color</param>
        </member>
        <member name="M:NetSparkleUpdater.UI.WPF.UpdateAvailableWindow.ShowReleaseNotes(System.String)">
            <summary>
            Show the release notes to the end user. Release notes should be in HTML.
            
            There is some bizarre thing where the WPF browser doesn't navigate to the release notes unless you successfully navigate to
            about:blank first. I don't know why. I feel like this is a Terrible Bad Fix, but...it works for now...
            </summary>
            <param name="htmlNotes">The HTML notes to show to the end user</param>
        </member>
        <member name="M:NetSparkleUpdater.UI.WPF.UpdateAvailableWindow.InitializeComponent">
            <summary>
            InitializeComponent
            </summary>
        </member>
        <member name="T:NetSparkleUpdater.UI.WPF.ViewModels.DownloadProgressWindowViewModel">
            <summary>
            View model for the DownloadProgressWindow (which displays
            downloading progress for an app update along with any 
            error message that occurs).
            This view model does not actually control the download of the
            NetSparkleUpdater <see cref="T:NetSparkleUpdater.AppCastItem"/>.
            </summary>
        </member>
        <member name="M:NetSparkleUpdater.UI.WPF.ViewModels.DownloadProgressWindowViewModel.#ctor">
            <summary>
            Default constructor for the view model that sets
            everything up for use
            </summary>
        </member>
        <member name="P:NetSparkleUpdater.UI.WPF.ViewModels.DownloadProgressWindowViewModel.IsDownloading">
            <summary>
            Whether or not the app update is downloading right now or not
            </summary>
        </member>
        <member name="P:NetSparkleUpdater.UI.WPF.ViewModels.DownloadProgressWindowViewModel.DidDownloadAnything">
            <summary>
            Whether or not the app updater was able to download anything at all
            (even if the download ultimately failed)
            </summary>
        </member>
        <member name="P:NetSparkleUpdater.UI.WPF.ViewModels.DownloadProgressWindowViewModel.DidDownloadFail">
            <summary>
            Whether or not the download failed (e.g. due to signature validation)
            </summary>
        </member>
        <member name="P:NetSparkleUpdater.UI.WPF.ViewModels.DownloadProgressWindowViewModel.ErrorMessageText">
            <summary>
            Error message text to show to the user. Shown or not shown to the
            user depending on the value of <see cref="P:NetSparkleUpdater.UI.WPF.ViewModels.DownloadProgressWindowViewModel.IsErrorMessageVisible"/>
            </summary>
        </member>
        <member name="P:NetSparkleUpdater.UI.WPF.ViewModels.DownloadProgressWindowViewModel.IsErrorMessageVisible">
            <summary>
            Whether or not to show the <see cref="P:NetSparkleUpdater.UI.WPF.ViewModels.DownloadProgressWindowViewModel.ErrorMessageText"/> to the
            user or not
            </summary>
        </member>
        <member name="P:NetSparkleUpdater.UI.WPF.ViewModels.DownloadProgressWindowViewModel.DownloadingTitle">
            <summary>
            Title to show to the user (e.g. "Downloading MyApp 1.0...").
            </summary>
        </member>
        <member name="P:NetSparkleUpdater.UI.WPF.ViewModels.DownloadProgressWindowViewModel.DownloadProgress">
            <summary>
            Progress for the download as a number between 0 and 100, inclusive
            </summary>
        </member>
        <member name="P:NetSparkleUpdater.UI.WPF.ViewModels.DownloadProgressWindowViewModel.UserReadableDownloadProgress">
            <summary>
            A user-readable string that describes the download progress for
            showing to the user. This is updated via <see cref="M:NetSparkleUpdater.UI.WPF.ViewModels.DownloadProgressWindowViewModel.UpdateProgress(System.Int64,System.Int64,System.Int32)"/>
            and shows the number of bytes downloaded out of the total number of bytes to download.
            </summary>
        </member>
        <member name="P:NetSparkleUpdater.UI.WPF.ViewModels.DownloadProgressWindowViewModel.ActionButtonTitle">
            <summary>
            Title to show on the single action button (e.g. "Cancel")
            </summary>
        </member>
        <member name="P:NetSparkleUpdater.UI.WPF.ViewModels.DownloadProgressWindowViewModel.IsActionButtonVisible">
            <summary>
            Whether or not the action button is visible to the user
            </summary>
        </member>
        <member name="P:NetSparkleUpdater.UI.WPF.ViewModels.DownloadProgressWindowViewModel.BackgroundColor">
            <summary>
            Background color of download window
            </summary>
        </member>
        <member name="M:NetSparkleUpdater.UI.WPF.ViewModels.DownloadProgressWindowViewModel.SetFinishedDownloading(System.Boolean)">
            <summary>
            Change whether or not the <see cref="T:NetSparkleUpdater.AppCastItem"/> download file has finished downloading
            </summary>
            <param name="isInstallFileValid">true if the download file has finished downloading;
            false otherwise</param>
        </member>
        <member name="M:NetSparkleUpdater.UI.WPF.ViewModels.DownloadProgressWindowViewModel.UpdateProgress(System.Int64,System.Int64,System.Int32)">
            <summary>
            Update the progress held in this view model based on the bytes that have been downloaded
            and the total number of bytes that need to be downloaded
            </summary>
            <param name="bytesReceived">Number of bytes that have been downloaded</param>
            <param name="totalBytesToReceive">Number of bytes that have to be downloaded</param>
            <param name="percentage">Number between 0-100 that represents how much of the download has been completed</param>
        </member>
        <member name="T:NetSparkleUpdater.UI.WPF.ViewModels.MessageNotificationWindowViewModel">
            <summary>
            A view model for showing a single message to the user
            </summary>
        </member>
        <member name="M:NetSparkleUpdater.UI.WPF.ViewModels.MessageNotificationWindowViewModel.#ctor">
            <summary>
            Initialize the view model with an empty string for its message
            </summary>
        </member>
        <member name="M:NetSparkleUpdater.UI.WPF.ViewModels.MessageNotificationWindowViewModel.#ctor(System.String)">
            <summary>
            Initialize the view model with the given message
            </summary>
            <param name="message">the message to show the user</param>
        </member>
        <member name="P:NetSparkleUpdater.UI.WPF.ViewModels.MessageNotificationWindowViewModel.Message">
            <summary>
            The message to show to the user
            </summary>
        </member>
        <member name="T:NetSparkleUpdater.UI.WPF.ViewModels.UpdateAvailableWindowViewModel">
            <summary>
            View model for views that detail updates that are available for a given user
            </summary>
        </member>
        <member name="M:NetSparkleUpdater.UI.WPF.ViewModels.UpdateAvailableWindowViewModel.#ctor">
            <summary>
            Initialize the view model with release notes, remind me later,
            and skip button being visible by default.
            </summary>
        </member>
        <member name="P:NetSparkleUpdater.UI.WPF.ViewModels.UpdateAvailableWindowViewModel.ReleaseNotesDisplayer">
            <summary>
            Interface object for the object that will be displaying the release notes
            </summary>
        </member>
        <member name="P:NetSparkleUpdater.UI.WPF.ViewModels.UpdateAvailableWindowViewModel.UserRespondedHandler">
            <summary>
            Interface object for the object that can handle user responses to the update that
            is being shown to the user
            </summary>
        </member>
        <member name="P:NetSparkleUpdater.UI.WPF.ViewModels.UpdateAvailableWindowViewModel.ReleaseNotesGrabber">
            <summary>
            Object responsible for downloading and formatting markdown release notes for display in HTML
            </summary>
        </member>
        <member name="P:NetSparkleUpdater.UI.WPF.ViewModels.UpdateAvailableWindowViewModel.TitleHeaderText">
            <summary>
            Header text to show to the user. Usually something along the lines of
            "A new version of {software} is available!"
            </summary>
        </member>
        <member name="P:NetSparkleUpdater.UI.WPF.ViewModels.UpdateAvailableWindowViewModel.InfoText">
            <summary>
            Some additional text to show to the user underneath the header. This is text like
            "Version {version} is now available. Do you want to download it?"
            </summary>
        </member>
        <member name="P:NetSparkleUpdater.UI.WPF.ViewModels.UpdateAvailableWindowViewModel.IsRemindMeLaterEnabled">
            <summary>
            Whether or not the "Remind Me Later" button is enabled
            </summary>
        </member>
        <member name="P:NetSparkleUpdater.UI.WPF.ViewModels.UpdateAvailableWindowViewModel.IsSkipEnabled">
            <summary>
            Whether or not the "Skip this Update" button is enabled
            </summary>
        </member>
        <member name="P:NetSparkleUpdater.UI.WPF.ViewModels.UpdateAvailableWindowViewModel.Updates">
            <summary>
            The list of updates that are available for downloading by the user
            </summary>
        </member>
        <member name="P:NetSparkleUpdater.UI.WPF.ViewModels.UpdateAvailableWindowViewModel.AreReleaseNotesVisible">
            <summary>
            Whether or not the release notes for updates are shown to the user
            </summary>
        </member>
        <member name="P:NetSparkleUpdater.UI.WPF.ViewModels.UpdateAvailableWindowViewModel.IsRemindMeLaterVisible">
            <summary>
            Whether or not the "Remind Me Later" button is visible
            </summary>
        </member>
        <member name="P:NetSparkleUpdater.UI.WPF.ViewModels.UpdateAvailableWindowViewModel.IsSkipVisible">
            <summary>
            Whether or not the "Skip this Update" button is visible
            </summary>
        </member>
        <member name="P:NetSparkleUpdater.UI.WPF.ViewModels.UpdateAvailableWindowViewModel.UserResponse">
            <summary>
            The response that the user gave to the update
            </summary>
        </member>
        <member name="P:NetSparkleUpdater.UI.WPF.ViewModels.UpdateAvailableWindowViewModel.Skip">
            <summary>
            Command to execute when the user wants to skip this update
            </summary>
        </member>
        <member name="P:NetSparkleUpdater.UI.WPF.ViewModels.UpdateAvailableWindowViewModel.RemindMeLater">
            <summary>
            Command to execute when the user wants to be reminded about this update later
            </summary>
        </member>
        <member name="P:NetSparkleUpdater.UI.WPF.ViewModels.UpdateAvailableWindowViewModel.DownloadInstall">
            <summary>
            Command to execute when the user wants to download and install the update right away
            </summary>
        </member>
        <member name="M:NetSparkleUpdater.UI.WPF.ViewModels.UpdateAvailableWindowViewModel.PerformSkip">
            <summary>
            Skip updating the software
            </summary>
        </member>
        <member name="M:NetSparkleUpdater.UI.WPF.ViewModels.UpdateAvailableWindowViewModel.PerformRemindMeLater">
            <summary>
            Hide the update window and show it to the user at another time
            </summary>
        </member>
        <member name="M:NetSparkleUpdater.UI.WPF.ViewModels.UpdateAvailableWindowViewModel.PerformDownloadInstall">
            <summary>
            Start downloading the update so that the user can install it
            </summary>
        </member>
        <member name="M:NetSparkleUpdater.UI.WPF.ViewModels.UpdateAvailableWindowViewModel.Initialize(System.Collections.Generic.List{NetSparkleUpdater.AppCastItem},NetSparkleUpdater.Interfaces.ISignatureVerifier,System.Boolean,System.String,System.String,System.String,System.String,System.String)">
            <summary>
            Initialize this view model with its necessary items so that it can display things
            to the user properly
            </summary>
            <param name="signatureVerifier">The <seealso cref="T:NetSparkleUpdater.Interfaces.ISignatureVerifier"/> for verifying release note signatures</param>
            <param name="items">The list of <seealso cref="T:NetSparkleUpdater.AppCastItem"/> updates that are available for the user</param>
            <param name="isUpdateAlreadyDownloaded">Whether or not the update is already downloaded ot the user's computer</param>
            <param name="releaseNotesHTMLTemplate">The HTML string template to show for the release notes</param>
            <param name="additionalReleaseNotesHeaderHTML">The HTML string to add into the head element of the HTML for the release notes</param>
            <param name="releaseNotesDateFormat">Date format for release notes</param>
            <param name="appNameTitle">Title for application</param>
            <param name="installedVersion">Currently installed version of application</param>
        </member>
        <member name="M:NetSparkleUpdater.UI.WPF.ViewModels.UpdateAvailableWindowViewModel.Cancel">
            <summary>
            Cancel the download of release notes or other asynchronous operations taking place
            </summary>
        </member>
    </members>
</doc>
